{
  "acc": 0.993085566119274,
  "threshold": 0.9139226675033569,
  "tp": 1118,
  "tn": 31,
  "fp": 0,
  "fn": 8,
  "tpr": 0.9928952042628775,
  "fpr": 0,
  "fnr": 0.007104795737122558,
  "tnr": 1,
  "precision": 1,
  "recall": 0.9928952042628775
}
