{
  "acc": 0.9986586183769283,
  "threshold": 0.9381366968154907,
  "tp": 1459,
  "tn": 30,
  "fp": 0,
  "fn": 2,
  "tpr": 0.998631074606434,
  "fpr": 0,
  "fnr": 0.0013689253935660506,
  "tnr": 1,
  "precision": 1,
  "recall": 0.998631074606434
}
