{
  "acc": 0.9772727272727273,
  "threshold": 0.9639742970466614,
  "tp": 777,
  "fp": 5,
  "fn": 15,
  "tpr": 0.9810606060606061,
  "fpr": 0.056818181818181816,
  "fnr": 0.01893939393939394,
  "tnr": 0.9431818181818182,
  "precision": 0.9936061381074168,
  "recall": 0.9810606060606061
}
