{
  "acc": 0.9948347107438017,
  "threshold": 0.89891517162323,
  "tp": 943,
  "tn": 20,
  "fp": 0,
  "fn": 5,
  "tpr": 0.9947257383966245,
  "fpr": 0,
  "fnr": 0.005274261603375527,
  "tnr": 1,
  "precision": 1,
  "recall": 0.9947257383966245
}
