{
  "acc": 0.9973136333109469,
  "threshold": 0.9266412854194641,
  "tp": 1454,
  "tn": 31,
  "fp": 0,
  "fn": 4,
  "tpr": 0.9972565157750343,
  "fpr": 0,
  "fnr": 0.0027434842249657062,
  "tnr": 1,
  "precision": 1,
  "recall": 0.9972565157750343
}
