{
  "acc": 0.9617021276595744,
  "threshold": 0.9470776319503784,
  "tp": 426,
  "tn": 26,
  "fp": 1,
  "fn": 17,
  "tpr": 0.9616252821670429,
  "fpr": 0.037037037037037035,
  "fnr": 0.03837471783295711,
  "tnr": 0.9629629629629629,
  "precision": 0.9976580796252927,
  "recall": 0.9616252821670429
}
