{
  "acc": 0.9488636363636364,
  "threshold": 0.9592024087905884,
  "tp": 751,
  "tn": 84,
  "fp": 4,
  "fn": 41,
  "tpr": 0.9482323232323232,
  "fpr": 0.045454545454545456,
  "fnr": 0.05176767676767677,
  "tnr": 0.9545454545454546,
  "precision": 0.9947019867549669,
  "recall": 0.9482323232323232
}
