{
  "acc": 0.9738636363636364,
  "threshold": 0.9119046926498413,
  "tp": 774,
  "tn": 83,
  "fp": 5,
  "fn": 18,
  "tpr": 0.9772727272727273,
  "fpr": 0.056818181818181816,
  "fnr": 0.022727272727272728,
  "tnr": 0.9431818181818182,
  "precision": 0.993581514762516,
  "recall": 0.9772727272727273
}
