{
  "acc": 0.9852941176470589,
  "threshold": 0.9694517254829407,
  "tp": 157,
  "tn": 44,
  "fp": 0,
  "fn": 3,
  "tpr": 0.98125,
  "fpr": 0,
  "fnr": 0.01875,
  "tnr": 1,
  "precision": 1,
  "recall": 0.98125
}
