{
  "acc": 0.9427083333333334,
  "threshold": 0.9783730506896973,
  "tp": 133,
  "tn": 48,
  "fp": 3,
  "fn": 8,
  "tpr": 0.9432624113475178,
  "fpr": 0.058823529411764705,
  "fnr": 0.05673758865248227,
  "tnr": 0.9411764705882353,
  "precision": 0.9779411764705882,
  "recall": 0.9432624113475178
}
