{
  "acc": 0.9806763285024155,
  "threshold": 0.9416545629501343,
  "tp": 555,
  "tn": 54,
  "fp": 1,
  "fn": 11,
  "tpr": 0.980565371024735,
  "fpr": 0.01818181818181818,
  "fnr": 0.019434628975265017,
  "tnr": 0.9818181818181818,
  "precision": 0.9982014388489209,
  "recall": 0.980565371024735
}
